video_id,track_title,channel_name,play_count,first_event_index,last_event_index,first_relative_day,last_relative_day,in_music_library
s1F7CVT0I7E,010 (edit),Lexcorp,41,118,1894,383,801,False
3wj2FT4qzsM,dream pad edit,Lexcorp,36,102,1895,376,801,False
8cQB1hlfDRk,Track 7,Lexcorp,33,122,1899,383,801,False
4BzWL4pHm78,American Palace,Lexcorp,32,119,1896,383,801,False
rVHnfYAACgA,Your Obituary,1791,31,124,1902,383,801,False
3tJ_PV_9ETo,Track 10,Lexcorp,30,132,1901,384,801,False
D0vWiR9RD6w,Track 6,Lexcorp,30,93,1898,19,801,False
eERxMmksUDY,Track 8,Lexcorp,28,123,1900,383,801,False
M4eQ1F3jBa8,1700,Lexcorp,26,120,1897,383,801,False
q86g1aop6a8,Aphex Twin - Stone In Focus,Jack Assir,24,220,1903,415,801,False
YJQfUvBPqtw,"The Gentle Hum of Anxiety (HD) - From the Soundtrack to ""The Social Network""",CookieAdventures,21,712,1814,453,776,False
uNCGM7FJ8wQ,Alpha,Daniel Rosenfeld - Topic,21,101,1598,376,488,True
vx7S3v7u7jY,Fission,Ludwig Göransson - Topic,20,225,1880,419,801,True
uPp2n5cFC68,alvedon - retire (final) (slowed + reverb),drown in fog,19,313,1811,432,775,False
b0d8sSmZqzs,Trinity,Ludwig Göransson - Topic,18,249,1870,420,801,True
Pswx6OQp1Ks,Destroyer Of Worlds,Ludwig Göransson - Topic,17,473,1874,437,801,True
8TLR-TTXDY8,Quantum Mechanics,Ludwig Göransson - Topic,16,184,1886,412,801,False
oOhpTxcUxy0,Ground Zero,Ludwig Göransson - Topic,15,598,1887,447,801,True
VBCr6UVacz8,Power Stays In The Shadows,Ludwig Göransson - Topic,14,591,1877,447,801,True
lnIOHXLdniM,medasin - magic (slowed + reverb with paulstretch),drown in fog,14,433,1810,436,775,False
oGyQwSwMI94,Gravity Swallows Light,Ludwig Göransson - Topic,14,609,1892,447,801,True
p0UTjSiXNp0,Quiet and Falling,Lena Raine - Topic,14,197,917,412,462,True
uADCo0308Kk,Colonel Pash,Ludwig Göransson - Topic,14,597,1891,447,801,True
Nsv07AuY9k0,Radiohead - Everything In Its Right Place (slowed instrumental),picture.,13,347,1719,433,696,False
OqY3kbQEMZI,Something More Important,Ludwig Göransson - Topic,13,639,1882,449,801,True
9ytiyD_QA2s,magic,Medasin - Topic,12,247,1832,420,776,True
FGCdurLEgsk,Kitty Comes To Testify,Ludwig Göransson - Topic,12,604,1876,447,801,False
LtmFUgI6zEE,Dr. Hill,Ludwig Göransson - Topic,12,593,1885,447,801,False
YqfbDisiAQo,Groves,Ludwig Göransson - Topic,12,216,1879,412,801,True
aedBzDZuTVA,What We Have Done,Ludwig Göransson - Topic,12,600,1875,447,801,False
2vvs4__2XRI,"Intriguing Possibilities (HD) - From the Soundtrack to ""The Social Network""",CookieAdventures,11,708,1753,453,774,False
RocrMotFT4c,The Trial,Ludwig Göransson - Topic,11,592,1868,447,801,False
X-jOQkXJuIw,A Lowly Shoe Salesman,Ludwig Göransson - Topic,11,595,1878,447,801,True
Z93gSAyWjtQ,Meeting Kitty,Ludwig Göransson - Topic,11,589,1890,447,801,False
j11Nm4i4XbI,Oppenheimer,Ludwig Göransson - Topic,11,602,1883,447,801,False
nNiHetq8-bg,Los Alamos,Ludwig Göransson - Topic,11,596,1873,447,801,False
pCEVj0nV7M8,Atmospheric Ignition,Ludwig Göransson - Topic,11,599,1872,447,801,False
xBkXDczuu3U,Theorists,Ludwig Göransson - Topic,11,590,1884,447,801,False
9SBNCYkSceU,"Hand Covers Bruise (HD) - From the Soundtrack to ""The Social Network""",CookieAdventures,10,709,1862,453,801,False
oU4ZbLzaqRI,"Complication with Optimistic Outcome (HD) - From the Soundtrack to ""The Social Network""",CookieAdventures,10,716,1904,453,803,False
-U4VnWX1ZD4,Fusion,Ludwig Göransson - Topic,9,636,1888,449,801,True
Ee-bpPsUeto,Manhattan Project,Ludwig Göransson - Topic,9,606,1871,447,801,False
Kb-PTIsdvXU,Arcade Fire Dimensions Slowed and Reverb.,GodSpeed,9,368,1800,433,775,False
4JZ-o3iAJv4,Can You Hear The Music,Ludwig Göransson - Topic,8,607,1881,447,801,False
O0Cw1SLdxxE,Kanye West - Flashing Lights (Alternate Intro),prod. OCEVN,8,861,1914,457,858,False
UysO8R1vqA8,American Prometheus,Ludwig Göransson - Topic,8,594,1889,447,801,False
x5faT66jmG4,"In Motion (HD) - From the Soundtrack to ""The Social Network""",CookieAdventures,8,713,1766,453,775,False
-oThJ94PIRc,"Carbon Prevails (HD) - From the Soundtrack to ""The Social Network""",CookieAdventures,7,706,1768,453,775,False
XU8rNrTnIUE,Emile Mosseri - Jacob and the Stone [𝙨𝙡𝙤𝙬𝙚𝙙 + 𝙧𝙚𝙫𝙚𝙧𝙗 + 𝙚𝙭𝙩𝙚𝙣𝙙𝙚𝙙],Hendo,7,219,1838,415,779,False
lfpxuJbVaBA,"3:14 Every Night (HD) - From the Soundtrack to ""The Social Network""",CookieAdventures,7,719,1770,453,775,False
z2OLa3Nc38k,Glokk40Spaz - Swamp (Official Music Video) [Dir.ArkiveTrent + MaxPain] [Prod.Four3va + GeeQ],GL4 Spaz,7,763,1491,455,486,False
8Mm3AJNE-jQ,Alex G - Pretend,block perce,6,615,1791,447,775,False
EPMSImeIeNY,#19,Aphex Twin - Topic,6,379,1809,434,775,False
FMJoOTOBcwE,Aerie,Lena Raine - Topic,6,142,1607,392,488,True
FjG0ivBT4lQ,[Official] Celeste Original Soundtrack - 11 - Quiet and Falling,Lena Raine,6,1019,1831,474,776,False
PJ5mO_rEMOE,Glokk40Spaz - Bad Man,GL4 Spaz,6,812,1629,456,490,False
dEWIngn2_eM,"It Catches Up With You (HD) - From the Soundtrack to ""The Social Network""",CookieAdventures,6,704,1774,453,775,False
j_CSglLbGns,This Time Is Different,Lifeformed - Topic,6,195,1281,412,481,True
tTB6HmZNJ5s,"Painted Sun in Abstract (HD) - From the Soundtrack to ""The Social Network""",CookieAdventures,6,703,1764,453,775,False
05nBBznI9V0,Talk to Her,The Marías - Topic,5,100,269,376,424,False
7Qqpp09qWGo,"Pieces Form the Whole (HD) - From the Soundtrack to ""The Social Network""",CookieAdventures,5,715,1754,453,774,False
FLUn8IXBBX4,deep in it,berlioz - Topic,5,750,1633,454,490,False
RLqo708UjTw,r&r,berlioz - Topic,5,752,1634,454,490,False
ShD1jfu47Sw,Glokk40Spaz - Yung Nigga Shit,GL4 Spaz,5,1024,1447,474,486,False
XlAKW_tr4xA,"Soft Trees Break the Fall (HD) - From the Soundtrack to ""The Social Network""",CookieAdventures,5,717,1769,453,775,False
XnkQfyeHiK8,"Eventually We Find Our Own Way (HD) - From the Soundtrack to ""The Social Network""",CookieAdventures,5,711,1771,453,775,False
bSe3xemu1LY,Superpowers,Daniel Caesar - Topic,5,1341,1789,482,775,True
b_ajArNJmjY,"Magnetic (HD) - From the Soundtrack to ""The Social Network""",CookieAdventures,5,702,1485,453,486,False
q_QwBJdzPT8,"Penetration (HD) - From the Soundtrack to ""The Social Network""",CookieAdventures,5,710,1767,453,775,False
yaztFAh23vs,"Hand Covers Bruise, Reprise (HD) - From the Soundtrack to ""The Social Network""",CookieAdventures,5,701,1772,453,775,False
-64qq6rThDE,Roof Cave Down,Release - Topic,4,253,1289,420,481,True
4F_vcZ6KD9Q,Lil Baby - In A Minute (Official Video),LilBabyVEVO,4,1210,1405,480,483,False
6-Sr7ZEHUZg,Sum 2 Prove,Lil Baby - Topic,4,1198,1613,480,488,False
67C6EHUxeG4,"On We March (HD) - From the Soundtrack to ""The Social Network""",CookieAdventures,4,705,1775,453,775,False
DmWWqogr_r8,21 Savage - a lot (Official Video) ft. J. Cole,21SavageVEVO,4,498,1355,437,482,False
EDj3Kgrx0Zo,jazz is for ordinary people,berlioz - Topic,4,751,1631,454,490,False
Ho6HRBPOgM0,"A Familier Taste (HD) - From the Soundtrack to ""The Social Network""",CookieAdventures,4,718,1776,453,775,False
KOIEo_74L-Q,Aria Math,Daniel Rosenfeld - Topic,4,211,1288,412,481,True
Ln-D9gsk_m4,hot house,berlioz - Topic,4,753,1632,454,490,False
NomGdaA-g0w,What You Heard,Sonder - Topic,4,1225,1660,480,491,True
O3no-kL6loY,"catching flies - satisfied (slowed + reverb, paul stretched)",drown in fog,4,228,780,420,455,False
PMk8L9FNqnY,Over My Dead Body,Drake - Topic,4,1255,1608,480,488,True
SK7V5TXhj-g,"Almost Home (HD) - From the Soundtrack to ""The Social Network""",CookieAdventures,4,714,1773,453,775,False
TJUWO1-z--8,Glokk40Spaz - Joker (dir. @PublicGoatt),GL4 Spaz,4,799,1113,456,477,False
YjJzmz653S0,F*ck U Thought,Lil Durk - Topic,4,1356,1611,482,488,False
Z39AFprNIbU,Baby,Summer Walker - Topic,4,1253,1605,480,488,True
cp1MDuIsLxk,deep dreams,Insensible - Topic,4,190,1320,412,481,False
lUKGzvQj4bI,Pound Cake / Paris Morton Music 2,Release - Topic,4,6,1297,0,481,False
mcB_TNU_apI,Freestyle,Lil Baby - Topic,4,1196,1614,480,488,False
pvU4b4N1-QU,Dear April (Side A - Acoustic),Frank Ocean - Topic,4,1220,1609,480,488,True
uAyob6tTAUM,Trinity | Oppenheimer OST,Original Soundtrack,4,474,587,437,447,False
2oE57OyhCgc,stress,2Sdxrt3all - Topic,3,987,1280,468,481,False
50GVPFj66CY,RICK ROSS - DEVIL IN A NEW DRESS,MMG,3,862,1728,457,761,False
50UKqoiqf3k,retire (final) but youre in a liminal space,rxosy music,3,318,1841,432,779,False
5dZRiqU3kdU,Yung Nigga Shit,Glokk40Spaz - Topic,3,1051,1798,475,775,False
6lBSU6I7va8,The Sound of Myself - Disasterpeace Extended Version,Erim Fortin,3,447,1291,436,481,False
6r-e3YGINuc,Dramamine (Slowed),Killswitch Memories - Topic,3,196,268,412,424,True
8RMXigC_SNU,In A Minute,Lil Baby - Topic,3,1544,1612,487,488,False
9-XbXBq8cl8,"Sing About Me, I'm Dying Of Thirst",Release - Topic,3,7,1117,0,477,True
99B63a5xPno,alpha by c418 except it's the perfect end to a decade,AquaSkye,3,259,266,420,424,False
OburOh3dM0c,Glokk40Spaz - Final Warning (Official Music Video),GL4 Spaz,3,822,1514,456,486,False
OkqOmWyb2Ac,IZ-US,Aphex Twin - Topic,3,248,1694,420,694,True
P2u4G9IccCw,tilekid - you not the same (slowed),dreamscape,3,441,1292,436,481,False
PD4F61NJm8Q,Johnny P's Caddy,Benny The Butcher - Topic,3,1547,1615,487,488,False
PP-xxI7smcI,Glokk40Spaz - Zodiac,GL4 Spaz,3,815,1418,456,483,False
RhAUL-uQTCs,tiredminds - how to never stop being sad (instrumental) [slowed + reverb],tiredminds,3,350,1803,433,775,False
RjXGral96HM,Welcome Home,Nadav Cohen - Topic,3,673,1507,452,486,False
TaXlw0OmSOg,Bromeliad,Aaron Cherof - Topic,3,189,852,412,457,False
YG3EhWlBaoI,"""2024"" prod. ojivolta, earlonthebeat, and Kanye West",Playboi Carti,3,849,1381,457,482,False
YkI-AOjFXYM,Nocturne,Trevor Kowalski - Topic,3,145,853,392,457,False
YvkHPdsjQQs,Lemon Pepper Freestyle,Drake - Topic,3,1186,1616,479,488,True
_uGvzDKgHpo,Bad Man,Glokk40Spaz - Topic,3,559,1057,442,475,True
cD8EPdn5Ctg,"In the Hall of the Mountain King (HD) - From the Soundtrack to ""The Social Network""",CookieAdventures,3,707,1752,453,774,False
doGlS0lcDZQ,Lil Tony Official - 3 AM,LilTonyVEVO,3,817,1559,456,487,False
eUUuI--jAlM,"Dreamville - Under The Sun ft. J. Cole, DaBaby, Lute (Official Music Video)",Dreamville,3,496,1092,437,476,False
efxiDBygvdg,Diplo - Wish (feat. Trippie Redd) (Official Music Video),Diplo,3,771,1129,455,477,False
exvt4dzmuaI,Resonance,Home - Topic,3,217,1710,412,694,False
g8ryOVq7ano,salvia palth - (dream) slowed + reverb,leetcrew,3,614,1249,447,480,False
icZOJ878cGk,losing,Lonnex - Topic,3,1274,1750,481,774,False
lVou8NAcY7U,Ready,Lil Baby - Topic,3,1200,1419,480,483,False
pO2iiBEmwL4,Kankan (Ft. Summrs) - ##RRAnthem,Kankan,3,768,1041,455,475,False
prEIh1r-4Og,losing,Lonnex - Topic,3,516,1782,440,775,False
qYcoJpqCha4,aruarian dance,Nujabes - Topic,3,103,199,376,412,True
r4l9bFqgMaQ,Frank Ocean - Nights,Blonded,3,461,1729,436,761,False
sKu8Zg7Hplc,LUCKI - PAIDNFULL / COLORFUL DRUGS (Official Video),LUCKI,3,823,1407,456,483,False
tEXYfT_G0W0,"New Person, Same Old Mistakes",Tame Impala - Topic,3,53,1259,0,480,True
-1TjqZC3TXo,Summrs- Marble Floors (Official Music Video),summrs,2,804,1084,456,475,False
-jEShhcnxIM,Lil Durk - F*ck U Thought,LilDurkVEVO,2,1563,1628,487,490,False
0Lu_glDG_jY,Jennifer’s Body,Ken Carson - Topic,2,1043,1556,475,487,True
0TuGHZTdGBQ,Great Are You Lord (Live),Casting Crowns - Topic,2,1171,1550,479,487,True
0qlvKgm-WXM,F Song,Strawberry Guy - Topic,2,218,1254,415,480,True
3v-Nk0HUJRA,Crazy,Lil Baby - Topic,2,1535,1787,487,775,False
4w59OhKY-A0,tiredminds - not my responsibility (instrumental) [slowed + reverb],tiredminds,2,365,1801,433,775,False
5ACDdAfA5GA,Thug's In My House,Glokk40Spaz - Topic,2,1427,1534,483,487,False
67vr-3kpX3Q,Alright,Kendrick Lamar - Topic,2,487,1339,437,482,False
6uuL43i-JQY,LUCKI - GOODFELLAS (Official Video),LUCKI,2,800,1090,456,476,False
76O3w4pt0CA,Miguel - Sky Walker (Official Video) ft. Travis Scott,MiguelVEVO,2,776,1136,455,477,False
7SQQy3cVJYA,Medasin - Magic (Super Slowed + Reverb) (Tiktok),Faithful,2,1666,1839,493,779,False
8zjqY2X_2HY,Veeze - GOMD (prod by Tye Beats),VEEZE WEAK ASS 7,2,816,932,456,463,False
9Rc5BzgKQmg,Brutal Honesty,Glokk40Spaz - Topic,2,558,1080,442,475,False
BgBNLX_3afs,lonnex - losing,dreamscape,2,326,881,432,461,False
Cl3htLU1NIQ,Glokk40Spaz - Perfect My Rob,GL4 Spaz,2,770,1424,455,483,False
D0meVJwBUl0,Alternative Outro,LUCKI - Topic,2,479,1335,437,482,True
DUO_uZ_qbss,Champagne Poetry,Drake - Topic,2,38,480,0,437,False
DmH0ECtSjRs,4422,Drake - Topic,2,160,1351,395,482,False
DonHCWfyjPM,arcade fire - dimensions (slowed),zaf,2,1669,1670,493,493,False
DqE4YtvC-9Y,2022 Freestyle,D Savage - Topic,2,1063,1554,475,487,False
ETkLGGxMEgU,nuages - closer (slowed down),dreamscape,2,357,453,433,436,False
EtrL9NkEphg,summrs-back 2 da basics [official video],summrs,2,828,1094,456,476,False
FX6Sly6V4Lo,Glokk40Spaz - Nun 4 No Schmuck,GL4 Spaz,2,1082,1409,475,483,False
Fx3b85eDQvw,Nights,Frank Ocean - Topic,2,64,1336,0,482,False
G_X2c6MPiAg,I Can Only Imagine,MercyMe - Topic,2,1172,1549,479,487,True
Ggddxkj8tU0,The Girl I Haven't Met,Kudasaibeats - Topic,2,245,921,420,462,False
GnKdDGoxtko,Veeze - Get Lucki (Official Music Video),VEEZE WEAK ASS 7,2,935,1412,463,483,False
Gxbwc1VfgYU,it's_cold_here,Release - Topic,2,1712,1780,694,775,False
IgBLFQBCCuU,LUCKI - Heavy On My Heart (Official Video),LUCKI,2,840,1213,457,480,False
IjYSHZD0jZ4,Lilsccrt - No fear,LilSccrt,2,843,1089,457,476,False
IpaqEkhNi4k,BILLY,6ix9ine - Topic,2,1542,1610,487,488,False
J87pJrxvJ5E,PRIDE.,Kendrick Lamar - Topic,2,42,1234,0,480,False
JQEr_8NrfTY,Lil Tecca - Show Me Up (Official Video),Lil Tecca,2,501,1294,437,481,False
Ke_UYfv_FN8,Everyday Hustle,Future - Topic,2,486,1269,437,480,True
KfEEm4Zx-EU,505,Arctic Monkeys - Topic,2,21,1185,0,479,False
LH2N2bjX69U,Oh U Went (feat. Drake),Young Thug - Topic,2,1565,1584,487,488,False
LICKOttG9rw,Hikari (Slowed + Reverb),Clovis Reyes - Topic,2,971,1011,467,474,True
LVBnWA04Xvw,wash my sins away,berlioz - Topic,2,749,1182,454,479,False
Lvp7QStWlJU,Lil Baby - Crazy,LilBabyVEVO,2,1410,1661,483,491,False
PgG80WkPJQI,The Internet - Hold on (slowed + reverb),Tabii,2,856,1627,457,490,False
PhLanmf5yHk,Glokk40Spaz - Bad Relations,GL4 Spaz,2,1105,1149,476,477,False
QGNJwKpl1a8,Exotic,Lil Baby - Topic,2,1204,1353,480,482,False
QTmRmPDS9tw,Destroy Lonely - NOSTYLIST (Official Video),Destroy Lonely,2,766,1030,455,474,False
RKD8sVVTEAA,Self Control,Frank Ocean - Topic,2,1193,1334,480,482,False
TK704vvY3Ao,Glokk40Spaz - Be Right Back,GL4 Spaz,2,1111,1630,476,490,False
TKHjJnEaVrQ,Brown Noise for Sleep,Sounds For Life - Topic,2,223,267,419,424,False
W7VK4DUHvKU,"Lil Yachty - Pardon Me ft. Future, Mike WiLL Made-It",LilYachtyVEVO,2,820,1212,456,480,False
WILNIXZr2oc,J. Cole - MIDDLE CHILD,JColeVEVO,2,647,1385,449,482,False
WW4ShzNVaC4,Glokk40Spaz - Whatchu Sayin?! (Prod. Al Chapo + SenseiATL) [Official Video],GL4 Spaz,2,1088,1130,476,477,False
WmYTrtu-25A,Shuniji,Daniel Rosenfeld - Topic,2,147,1430,395,483,False
WnxYoYBhyWA,Do You Want,LUCKI - Topic,2,85,204,1,412,True
XctJ5Hh-ZfY,3 AM,Lil Tony Official - Topic,2,1156,1552,477,487,False
Ye-6goEDe44,Jace! - Goose Creek (OFFICIAL VIDEO) [Shot By: @Jmoney1041 Edit By: @jacepowers ],Jace!,2,934,1425,463,483,False
Yi90p-4yk74,Lil TJAY - Forever (Official Music Video),Lil Tjay,2,841,1393,457,482,False
YnsiyiC0Nc0,Pinegrove - Aphasia - Audiotree Live (8 of 8),Audiotree,2,115,1272,383,480,False
Yq_qdfajtNI,LUCKI - 13 (Official Video),LUCKI,2,806,1040,456,475,False
Ysdf6F_8Nyk,"Thouxanban Fauni - ""Wish the Worst"" (Official Music Video)  (Shot by @Quintron) prod by Chinatown",SODA CLUB,2,844,1151,457,477,False
Zbnv6sSFksc,Apparently,J. Cole - Topic,2,46,490,0,437,False
ZkXG3ZrXlbc,DRAKE - FAMILY MATTERS,Drake,2,830,1047,456,475,False
_3ngiSxVCBs,Sweden,Daniel Rosenfeld - Topic,2,246,515,420,440,False
_mRxOWvN9jo,No Fear (Sped Up),LilSccrt - Topic,2,1017,1162,474,477,False
a66-ye5gS_s,Glokk40Spaz - Higher Than Earth,GL4 Spaz,2,1110,1490,476,486,False
arNkB9vxS3Q,Mountains,Hans Zimmer - Topic,2,675,962,452,467,False
b8m9zhNAgKs,Rae Sremmurd - Black Beatles ft. Gucci Mane (Official Video),RaeSremmurdVEVO,2,497,1375,437,482,False
bErro3V93ok,Men I Trust - I Hope To Be Around (live),Men I Trust,2,346,413,433,436,False
bHRv-EIuKJ8,From Time,Drake - Topic,2,1227,1228,480,480,False
bd5l5NtzoWc,Gët Busy [Official Music Video],Yeat,2,503,767,437,455,False
cBXlbRbKwf4,C418 - Aria Math slowed down + reverb,Rekordea,2,362,1802,433,775,False
dMAGiSGJNPk,midnight vice city,WisdomBeatz - Topic,2,2,73,0,1,False
dUmcKiO_yk8,DeadShot,Pce Bj - Topic,2,1081,1553,475,487,True
f-vom4vjA2k,"Rio Da Yung Og - ""Legendary"" (Official Music Video)@SBKEONTA",Rio Da Yung OG,2,826,1086,456,475,False
fIrSkilUvHw,LUCKI - Super Urus (Official Video),LUCKI,2,813,1085,456,475,False
fUqPS2xDmvs,Lil Uzi Vert - Dip (Remix) (Music Video) Shot By @Jmoney1041,Jmoney1041,2,821,847,456,457,False
fahxSXoXlsA,Nikes,Frank Ocean - Topic,2,1279,1551,481,487,False
g1QobinRyaA,False Prophets,J. Cole - Topic,2,482,876,437,457,False
gLPt1TGrBZ8,Club Paradise,Drake - Topic,2,798,1347,456,482,False
gNbj8InBpKU,Too Deep for the Intro,J. Cole - Topic,2,484,1338,437,482,False
iHzuygQd3do,Aphex Twin - #19 (Official Audio),Aphex Twin,2,508,1837,438,779,False
iRBS8AJZpFM,Glokk40Spaz - Wacko Ft. SlimeSito,GL4 Spaz,2,807,1150,456,477,False
jbrarMb6fpw,LUCKI - NO BAP (Official Video),LUCKI,2,940,1038,463,475,False
k79dMVVmvA8,Comforting Memories,Kumi Tanioka - Topic,2,185,343,412,433,False
kBbnPzFcty8,deep in it,berlioz - Topic,2,532,748,440,454,True
kZmZ-DvGXvM,playboi carti - @ meh (banakula & llusion remix) (slowed + reverb),slerb,2,158,215,395,412,False
kwqOVpiw08k,Glokk40Spaz - Still Young Pablo [Dir.ITM][Prod.Lamsal],GL4 Spaz,2,1027,1519,474,486,False
lQtm6sS-DPM,Beneficial For AnyBody,Glokk40Spaz - Topic,2,1061,1153,475,477,False
mmK71ZfaZO4,Agape,Nicholas Britell - Topic,2,992,1623,468,488,False
mtAWk7nZcPA,Can You Hear The Music (From 'Oppenheimer'),Baltic House Orchestra - Topic,2,242,282,420,426,False
nbfFzs-dW3U,Stardust,MrHeadA$$Trendy - Topic,2,79,92,1,8,False
nhNqbe6QENY,"GoldLink - Crew (Official Video) ft. Brent Faiyaz, Shy Glizzy",GoldLinkVEVO,2,495,1376,437,482,False
oFhWIzPMpbo,Drake ft. James Blake - The Catch Up (Official),OUTTRO.COM,2,866,1301,457,481,False
oKr9gDBd0qQ,Drake - Bahamas Promises (Audio),DrakeVEVO,2,460,1132,436,477,False
pdJn-LtuWMw,Glokk40Spaz - 2 Love 2 Da Mob (Official Music Video) [Dir.Vanity] [Prod.Ok],GL4 Spaz,2,803,1065,456,475,False
q5Sf2xz9cIk,LUCKI - NASCAR DASHCAR (OFFICIAL VIDEO),LUCKI,2,827,1152,456,477,False
raWSH1KrgFI,Slow Jamz,Jamie Foxx - Topic,2,865,1299,457,481,False
ugou23mYCmE,LUCKI - Y NOT? (Official Video),LUCKI,2,933,1421,463,483,False
uu2hjPUJseU,Lil Tony Official - Money Music (Official Music Video) Shot By PublicGoat,Lil Tony Official,2,801,1099,456,476,False
wMR4jLlTw0c,Yves Tumor - Limerence (instrumental + slowed),ikodary,2,354,855,433,457,False
x1gR4Tr3E9g,More Than Ever,CHASETHEMONEY - Topic,2,84,1056,1,475,False
xnhXGNASzck,faye webster - i know you (slowed & reverb) [with lyrics],lustry.,2,348,1804,433,775,False
y7B6Z-_-Bcc,Vacations - Telephones,VACATIONS,2,1177,1793,479,775,False
yox2Yz4Ni2o,Gojo Satoru - The Honored One | Jujutsu Kaisen Season 2 OST,Normaneverland,2,864,1298,457,481,False
zE_rK8PX83Q,Pinegrove - Need 2 (official lyric video),PinegroveBand,2,1262,1794,480,775,False
zhY_0DoQCQs,Do Not Disturb,Drake - Topic,2,489,1239,437,480,True
zvUC8Ka3cZA,green to blue,Aurenth - Topic,2,924,1319,462,481,False
zxgKO0mrtks,Sabiá,Antonio Carlos Jobim - Topic,2,530,1267,440,480,True
-3hnlXiAKPs,Glokk40Spaz - Round Here [Dir.ITM],InTheMoment Co,1,1062,1062,475,475,False
-4t85f5EsrQ,"LAZER DIM 700, GBE STRAP - Choppa On Fye 2 (OFFICIAL MUSIC VIDEO)",Strap,1,1093,1093,476,476,False
-6TdRiNnP9Q,BE RIGHT BACK,Glokk40Spaz - Topic,1,107,107,376,376,False
-7nfEMjaM1M,Bedroom - In My Head (Official Audio),Bedroom,1,352,352,433,433,False
-QGQPqub1Ko,as the stars fall,Piedkies - Topic,1,963,963,467,467,False
-RO4OChykaA,blut own - drifting,dreamscape,1,321,321,432,432,False
-TlcjPPuIMY,Hammock - Things of Beauty Burn (Mysterium),Hammock,1,1007,1007,474,474,False
-grPV-Fae6I,Not Afraid,Eminem - Topic,1,45,45,0,0,False
-hQ5yilFxhw,SZA - Good Days (Instrumental) [2 hours],YAYY,1,99,99,25,25,False
-iyupsqzOEU,Family Matters,Drake - Topic,1,875,875,457,457,False
-jcSBCqNlyY,Loneliness,Epic Mountain - Topic,1,193,193,412,412,False
-kyBRMmUOGU,A Bed of Flowers,Million Eyes - Topic,1,854,854,457,457,False
-lpy5YFEe54,Low Down,Lil Baby - Topic,1,1199,1199,480,480,False
-pOxiz0MYIc,Hell Shell,Young Nudy - Topic,1,83,83,1,1,False
-ud4JlQSwjc,"Jersey Anniversary (feat. Tony! Toni! Toné!, DJ BigO, Vivid The Producer & DJ Sliink)",KiaBHN - Topic,1,1188,1188,479,479,False
-yNHlKAzyVA,Flim,Aphex Twin - Topic,1,240,240,420,420,False
04VbX3CJB_M,nyc in 1940,berlioz - Topic,1,1276,1276,481,481,False
0KOZ3VbPB0k,"Purpose Is Glorious (From ""Loki: Season 2 - Vol. 2 (Episodes 4-6)""/Score/Audio Only)",MarvelMusicVEVO,1,507,507,438,438,False
0MATV0a9yiw,Eraser,✝✝✝ (Crosses) - Topic,1,67,67,0,0,False
0jP52tqcwZU,Glokk40Spaz - Lemme Be Ya Plug (Official Music Video) [Dir.QVSYOU],GL4 Spaz,1,765,765,455,455,False
0jz0GAFNNIo,Drake - When To Say When & Chicago Freestyle,Drake,1,1219,1219,480,480,False
0nF69UTw99E,Money Trees,Kendrick Lamar - Topic,1,491,491,437,437,False
10Ybw9gNHsM,My head is empty .numb (slowed reverb) best part,Rain ,1,1315,1315,481,481,False
13I5KSMPLzc,https://music.youtube.com/watch?v=13I5KSMPLzc,,1,358,358,433,433,False
15WnsPS0Z5o,Cherryade,The Sukis - Topic,1,214,214,412,412,True
1E2ihUl6ed4,Bad Habit,Steve Lacy - Topic,1,1342,1342,482,482,False
1JKG5L8srdo,trippie redd ~ wish ﾉ slowed + reverb ﾉ,rum world,1,1286,1286,481,481,False
1JsoFfSiDz4,Floating Trees,Daniel Rosenfeld - Topic,1,1816,1816,776,776,False
1P5BSm_oFJg,Lofi Girl - Snowman (Music Video),Lofi Girl,1,452,452,436,436,False
1WL1oVWFBbM,miss me - TREFUEGO (ig: ismokefuego),TREFUEGO,1,648,648,449,449,False
1Wr0yz4FLAg,Whiplash Soundtrack 02 - Overture,Eloquence Music,1,1906,1906,803,803,False
1b3gJbGtfGY,Vacations - Moving Out,VACATIONS,1,396,396,434,434,False
1eVWVXJVyi0,willix - my little winter,dreamscape,1,369,369,433,433,False
1g8I_0ZjHU4,Sleazy Flow (Remix),SleazyWorld Go - Topic,1,1207,1207,480,480,False
1q4WTyAlIj4,Kanye West - Never see me again remastered and finished,Cawthorn productions,1,455,455,436,436,False
2BWgmYHAxs4,Kanye West - Brothers (BEST VERSION),Shakal,1,872,872,457,457,False
2EJAJwSVFUA,just close your eyes | silent hill inspired ambient music,im programmed.,1,878,878,457,457,False
2kD3BczXH9M,Brent Faiyaz - JACKIE BROWN [Official Video],Brent Faiyaz,1,1140,1140,477,477,False
2nhqTZ89TN4,"leave - whirr   slowed, muffled, low quality",High With Phoenix,1,376,376,433,433,False
2oQ1VKtc1Yk,Dead Presidents lll,Logic - Topic,1,65,65,0,0,False
2sHbd6tFUwI,Quantum Mechanics | Oppenheimer OST,Original Soundtrack,1,524,524,440,440,False
2svEh1y9kyM,Time Flies,Drake - Topic,1,1337,1337,482,482,False
36oNtD_fknk,Stratosphere Voyage,Spirits Of Our Dreams - Topic,1,731,731,454,454,False
38CRu1rCaKg,Caravan,John Wasson - Topic,1,537,537,440,440,False
39XR4EXFz5Y,Playboi Carti - Location (Audio),PlayboiCartiVEVO,1,769,769,455,455,False
3G96kSeHoOg,Home - Resonance (Midwest Emo Version) [Slowed + Reverb],jacal,1,366,366,433,433,False
3WCsEhzduuk,Unknown T x Orchestra (Extended + Loop),Chenson Lee,1,111,111,376,376,False
3XqqkrJENB4,Cry - Cigarettes After Sex,Cigarettes After Sex,1,364,364,433,433,False
3fRTaJCXPA4,Lil Yachty - SOLO STEPPIN CRETE BOY,LilYachtyVEVO,1,938,938,463,463,False
3hQVOclo_Io,grouper - poison tree (slowed),Antrikter,1,91,91,3,3,False
3kty7MwCGk8,Hide - Dorian Concept (Slowed x Reverbed),DarkFantasyZonor,1,303,303,432,432,False
3moMHMhiq7c,The Marías - Ruthless,The Marías,1,397,397,434,434,False
3qUkzh4nITo,GROOVY - jersey luv (turn me on) [Official Music Video],GROOVY,1,1148,1148,477,477,False
3t195yz9xCc,Drake - 5AM In Toronto (Official Video),Drake,1,810,810,456,456,False
3t3UnFSe8zI,Trippie Redd x Playboi Carti - Miss The Rage [Extended + Reverse Intro] (slowed + 639Hz + reverb),eternal!,1,547,547,440,440,False
3xhRaVL4-Iw,Biking,Frank Ocean - Topic,1,1116,1116,477,477,False
4-tQu_M8Kpk,2sdxrt3all - Stress [dir. by @noahsocold ],2sdxrt3all ,1,846,846,457,457,False
42CLRCqUmv4,Heavy On My Heart,LUCKI - Topic,1,1206,1206,480,480,False
47mUgngp3bk,dark snowy night (Slowed & Reverb Version),daniel.mp3 - Topic,1,1321,1321,481,481,False
4SDl3S8CJJ8,Lemme Be Ya Plug,Glokk40Spaz - Topic,1,1076,1076,475,475,False
4YFNLCsB4uI,What A Beautiful Name (Live),Hillsong Worship - Topic,1,1174,1174,479,479,False
4pTEdjpcJXk,Chandelier,Will Paquin - Topic,1,66,66,0,0,False
4rAvTwB0IdY,https://music.youtube.com/watch?v=4rAvTwB0IdY,,1,1293,1293,481,481,False
4tBSDdcEJos,Undress,Pretty Sick - Topic,1,205,205,412,412,True
4yahdoqv5qk,Let You Go,Clara La San - Topic,1,1221,1221,480,480,False
55dz3B4rzaA,Maybe for you there's a tomorrow (magic by medasin),whatlill,1,1817,1817,776,776,False
5AG1wrTS1dw,Lil Durk - 300 Urus,LilDurkVEVO,1,1494,1494,486,486,False
5EpyN_6dqyk,"The Weeknd, Playboi Carti - Timeless",TheWeekndVEVO,1,1142,1142,477,477,False
5H7CS-_RUe8,Look What You've Done,Drake - Topic,1,1194,1194,480,480,False
5JD7rzURR4c,The Man,Aloe Blacc - Topic,1,1618,1618,488,488,False
5TR3HZlo8T0,To Be Able To Fly,Trent Reznor - Topic,1,1725,1725,761,761,False
5X0fa7Nd5oY,"Chopin: Nocturne No. 2, Op. 9 in E-Flat major",Pianophonica - Topic,1,745,745,454,454,False
5bYHCWAaVDk,Make It Forever,George Clanton - Topic,1,55,55,0,0,False
5m4QzyIXSPM,hozuki - snowfield,dreamscape,1,327,327,432,432,False
66SIhKcVIsg,Help Me Out,Alicks - Topic,1,250,250,420,420,False
6NG0Lg_i-Kw,antent - hope to see you again (super slowed),Antent,1,308,308,432,432,False
6_LsCe4jUF8,Ethereal,Txmy - Topic,1,1861,1861,781,781,False
6gnKBDlJutA,Poison Tree,Grouper - Topic,1,1799,1799,775,775,False
7-QK_1oHoiQ,LUCKI - MORE THAN EVER [Official Music Video],LUCKI,1,764,764,455,455,False
7-qH-XTbxQM,Stargazing,Marcelo De Carvalho - Topic,1,1857,1857,781,781,False
717QLLMKcQQ,washing tones,Medasin - Topic,1,1443,1443,483,483,False
71WuhwaZT2Y,spaceouters - fireflies,dreamscape,1,439,439,436,436,False
72ykBvPOIc0,Back To Back,Drake - Topic,1,1762,1762,775,775,True
75O11W5EZAU,#3,Aphex Twin - Topic,1,1835,1835,776,776,False
7B8YGZBeX8A,Junk Shop,Helvetia - Topic,1,26,26,0,0,False
7J-f8XPsHxE,grover washington jr - just the two of us (slowed),Hound Dog,1,1626,1626,490,490,False
7K1WVFL8_oU,Men I Trust - Lucky Sue,Men I Trust,1,414,414,436,436,False
7LmwZMCHLkg,Garden Kisses,GIVĒON - Topic,1,1231,1231,480,480,False
7TDeBi34OtE,Smells Like Teen Spirit,Nirvana - Topic,1,1184,1184,479,479,False
7_fFrSRJY_Y,Oppenheimer: The Ultimate Soundtrack Mashup,PixelChef,1,477,477,437,437,False
7ceLw_7ORRw,This Is Moon,filip22 :) - Topic,1,63,63,0,0,False
7efa5dpDYDM,I Smile,Kirk Franklin - Topic,1,1173,1173,479,479,False
7u1AYytKbwY,Autumn! - One Way (Official Video),Autumn!,1,825,825,456,456,False
7ukm1N-aL0Y,Success (Les Talk About It),Lil Tony Official - Topic,1,1913,1913,856,856,False
7yRY6lFLspk,Spring Fling,Glokk40Spaz - Topic,1,1073,1073,475,475,False
86p9_ycUyq8,Moneybagg Yo - Me Vs Me (Official Music Video),MoneybaggYoVEVO,1,1382,1382,482,482,False
8DB3V-pW75E,"Playboi Carti-"" 9 AM in Calabasas remix""(prod by Adrian)",Adrian,1,504,504,437,437,False
8ElVb8YQbmI,Inside Out,duster - Topic,1,33,33,0,0,False
8HBcV0MtAQg,No Role Modelz,J. Cole - Topic,1,1048,1048,475,475,False
8NOpWb6KADc,悲しい街Sad City,Inervati,1,1747,1747,774,774,False
8m81yTxQOe8,https://music.youtube.com/watch?v=8m81yTxQOe8,,1,89,89,3,3,False
8qEUvpWtszg,2sdxrt3all -  Dine In (Official Video) [Dir. @PublicGoatt],2sdxrt3all ,1,1560,1560,487,487,False
8znhxYaYEXY,Float Away,The Grinns - Topic,1,208,208,412,412,True
9-5SQGHTeEc,ERYKAH BADU - DIDN'T CHA KNOW  ( s l o w e d   +   r e v e r b ),GIULIANO,1,858,858,457,457,False
904fP4orPYM,Environments,Berlinist - Topic,1,186,186,412,412,False
91CGXp4RIRw,Big Truck,YoungBoy Never Broke Again - Topic,1,1797,1797,775,775,False
9LDy0sZ0vX8,tiredminds - futile devices [slowed + reverb],tiredminds,1,450,450,436,436,False
9N2LzFrsew4,Kankan - Wokeup,Kankan,1,818,818,456,456,False
9cHbvRUALrc,Pink + White,Frank Ocean - Topic,1,1332,1332,482,482,False
9kIv6vVRKpw,Black Hole Sun,Soundgarden - Topic,1,930,930,462,462,False
9mOutVQEhtY,Lose Control,Amaria - Topic,1,1257,1257,480,480,False
9xmyGur-sj4,BHM Pezzy - Strange Things (Official Audio),BHM PEZZY,1,1408,1408,483,483,False
AG1oJalK5bg,hozuki - snowfield (slowed + reverb),drown in fog,1,1667,1667,493,493,False
AT9JoIv2kss,"A$AP Rocky - I Smoked Away My Brain (I'm God x Demons Mashup) (Audio) ft. Imogen Heap, Clams Casino",LIVELOVEASAPVEVO,1,773,773,455,455,False
AfRdRXCo3IU,Jungle,Drake - Topic,1,1223,1223,480,480,False
Ah9Lb14B4PA,Tobey,Eminem - Topic,1,110,110,376,376,False
AlR5pgNYMYE,Curry Chicken,Joey Bada$$ - Topic,1,43,43,0,0,False
AmXrIai9nsY,Glokk40Spaz - Brainwashed,GL4 Spaz,1,1426,1426,483,483,False
Aq-7_BxOYoM,one Note Plant,GONTITI - Topic,1,202,202,412,412,True
ArPxrZwFK5M,Deadman's Wonderland,Trippie Redd - Topic,1,71,71,0,0,False
Aupt2_jyW9w,a familiar feeling,alixe. - Topic,1,1833,1833,776,776,False
AxE6wEuLHQ0,Champagne Poetry,Drake - Topic,1,1909,1909,856,856,False
B2WB_PeFXkU,GOMD (Prod By Tye Beats & Moon),Veeze - Topic,1,1052,1052,475,475,False
BEjwLe8OCAw,all for nothing zachariehs slowed,ctrl1uv,1,1844,1844,779,779,False
BL6W-1nd0p8,Medasin - magic (slideshow version),FishCake,1,320,320,432,432,False
Btlyh9mEWnc,Kiwi (feat. Juice),Quarters - Topic,1,47,47,0,0,False
CJOZc02VwJM,Roddy Ricch - Down Below [Official Music Video] (Dir. by JMP),Roddy Ricch,1,1389,1389,482,482,False
COz9lDCFHjw,Passionfruit,Drake - Topic,1,1343,1343,482,482,False
CPh51t7KHLw,Polo G - Heartless (feat. Mustard) [Official Video],Polo G,1,1388,1388,482,482,False
CSMiPngo4uE,Ken Carson - Jennifer's Body (Official Music Video),KenCarsonVEVO,1,1107,1107,476,476,False
Cc56wcQZ5Og,playboi carti & gunna - no time﹝slowed + reverb﹞,Chovies,1,75,75,1,1,False
ChUkGic_rjQ,lil tecca ~ show me up ﾉ slowed + reverb ﾉ,rum world,1,8,8,0,0,False
CnT6NRiTz9M,Lil Durk - Hanging With Wolves (Official Video),Lil Durk,1,1237,1237,480,480,False
CnpQvbxkqZ8,Off The Meter,Ken Carson - Topic,1,1209,1209,480,480,False
CsOLDl6ZSpQ,The Marías - Talk to Her (Official Audio),The Marías,1,415,415,436,436,False
D7DVSZ_poHk,Swing Lynn,Harmless - Topic,1,206,206,412,412,True
DJCB1ZlseJ8,Show Me How,Men I Trust - Topic,1,1229,1229,480,480,False
DKhp_CO0s6A,Deep In Yr Mind,James Wyatt Crosby - Topic,1,212,212,412,412,True
DKkpS1mYt9k,Mrs. Officer,Lil Wayne - Topic,1,1326,1326,482,482,False
DSYfhTY7lEw,Green Twins,Nick Hakim - Topic,1,40,40,0,0,False
DXLe3uErFNM,Zelda's Lullaby (The Legend of Zelda: Ocarina of Time),MajorLink - Topic,1,146,146,392,392,False
DeZeMGToQOA,I see you in my dreams,Blut Own - Topic,1,1711,1711,694,694,False
Dl9wMK4wdzc,Allstar Lee - PSA [Official Video],AllStar Lee,1,845,845,457,457,False
Dr--8eWCWe8,Dramamine (Slowed),Killswitch Memories - Topic,1,521,521,440,440,False
EDxR5OzuKgE,My Boo,USHER - Topic,1,1328,1328,482,482,False
EIZWzBkXgcU,iayze - Mind Right / Dingaling [Lil Keed] (Official Music Video),Jace!,1,802,802,456,456,False
EVJZoqSvjXg,dedekind cut - tahoe (slowed + reverb and stretched),drown in fog,1,1668,1668,493,493,False
EZE62LpaqHg,See You Again,"Tyler, The Creator - Topic",1,1344,1344,482,482,False
EfGOqrXcm_Y,Drake - Club Paradise,Drake,1,494,494,437,437,False
EookC5tOhxE,Clark,Daniel Rosenfeld - Topic,1,144,144,392,392,False
EqDk4xzEuso,"limerence but ur in a magical forest (slowed and reverb, birds, sparkles) ｡⋆ ✧∘* ೃ ⋆｡˚",lily,1,1819,1819,776,776,False
F4Q3O5z7bR8,Opening,Bryce Dessner - Topic,1,227,227,420,420,False
FKEI6v0Pzuc,On The Radar Freestyle,Lil Tony Official - Topic,1,1429,1429,483,483,False
FKiWJlOtjrU,She Reminds Me of You (HD) From the Soundtrack to The Girl With the Dragon Tattoo,CookieAdventures,1,1689,1689,694,694,False
Fd18EGnm6DM,Whole,Basement - Topic,1,31,31,0,0,False
FfQoshkVChk,𝒀𝒗𝒆𝒔 𝑻𝒖𝒎𝒐𝒓 • 𝑳𝒊𝒎𝒆𝒓𝒆𝒏𝒄𝒆 • 𝑨𝒏𝒈𝒆𝒍𝒊𝒄 𝑽𝒆𝒓𝒔𝒊𝒐𝒏,Aesela,1,314,314,432,432,False
FnPmIrdOkcU,Aria Math (Handpan Version),Atakan Teoman - Topic,1,194,194,412,412,True
Fq6q6QOgg_Y,Glokk40Spaz - No Name,GL4 Spaz,1,1562,1562,487,487,False
G6xgMW7U0aY,Future - 712PM (Directed by Travis Scott) (Official Music Video),FutureVEVO,1,1493,1493,486,486,False
GA8_8nQ18Pg,Je Te Veux,Acoustic Cafe - Topic,1,981,981,467,467,False
GErG9femMQk,Lil Baby x 42 Dugg - We Paid (Official Video),LilBabyVEVO,1,1390,1390,482,482,False
GJuYvLPPm0s,Lil Tecca - BAD TIME (Official Music Video),Lyrical Lemonade,1,1103,1103,476,476,False
GKiz8SvAqsY,Undertale - His Theme (Orchestral Cover),Osirois Music,1,187,187,412,412,False
GKjY6-lhY2A,iayze - 556 [Green Tip] (Official Music Video),Jace!,1,814,814,456,456,False
GLHR1YY88tE,there is light in us,Mathbonus - Topic,1,925,925,462,462,False
GMY8w08VEM0,flatsound | a dream,flatsound,1,324,324,432,432,False
GaT5jaGEwzc,The Beach,lost hope. - Topic,1,1439,1439,483,483,False
Gb76TgCUqAY,ARE WE STILL FRIENDS?,"Tyler, The Creator - Topic",1,1195,1195,480,480,False
Gbqa9n1XOes,Ken Carson - MDMA ft. Destroy Lonely (Official Music Video),KenCarsonVEVO,1,824,824,456,456,False
GiRh686uzhk,2sdxrt3all - Safety (Official Video),2sdxrt3all ,1,1417,1417,483,483,False
GkYcFV7qkyk,Preciso Me Encontrar,Cartola - Topic,1,546,546,440,440,False
GnunFdSBEhQ,Your face,Wisp - Topic,1,29,29,0,0,False
GzjTHCpOtPQ,YoungBoy Never Broke Again - Drawing Symbols [Official Music Video],YB Vault,1,1893,1893,801,801,False
H-SLiGbn3aM,01 Main Theme [Official Mouthwashing OST],Wrong Organ,1,304,304,432,432,False
H2t9aZQ3YKI,3D Outro,LUCKI - Topic,1,463,463,437,437,False
H58vbez_m4E,Kendrick Lamar - Not Like Us,KendrickLamarVEVO,1,1138,1138,477,477,False
H8E0WIy_vFc,Future - PUFFIN ON ZOOTIEZ (Official Music Video),FutureVEVO,1,1384,1384,482,482,False
HL1UzIK-flA,Rihanna - Work (Explicit) ft. Drake,RihannaVEVO,1,1133,1133,477,477,False
HMt5RUtTbgE,PARTY'S OVER,Nobu Woods - Topic,1,1278,1278,481,481,False
HXVgUQ8cmEQ,scravz - everything ends eventually,dreamscape,1,449,449,436,436,False
HZ8G24kC_b0,Apparat - Joel (Official Audio),Apparat,1,1009,1009,474,474,False
ICEzGr7x3t4,Kanye West - Never See Me Again - High Quality Vocals + Orchestral Intro,TheFloridaMan,1,1270,1270,480,480,False
IHp5Y4S3IJQ,Like I Want You,GIVĒON - Topic,1,1352,1352,482,482,False
IJs81BcpvFY,HOME | resonance (432 hz) (slowed + reverb),A D R I F T,1,315,315,432,432,False
Ib9RVxoGZi8,Step In the Name of Love (Remix),R. Kelly - Topic,1,1325,1325,482,482,False
IrDij7YoMWs,LUCKI - Greed (Official Video) (feat. Lil Yachty),LUCKI,1,1096,1096,476,476,False
Iu9xmEaHwpU,Drake - Jumbotron Shit Poppin,DrakeVEVO,1,1414,1414,483,483,False
IxVuT8cgccM,Drake - Champagne Poetry (Audio),DrakeVEVO,1,456,456,436,436,False
JGqzKmp_5Bg,Wave,Antonio Carlos Jobim - Topic,1,544,544,440,440,False
JGwWNGJdvx8,Ed Sheeran - Shape of You (Official Music Video),Ed Sheeran,1,1145,1145,477,477,False
JHVyazheOFU,MDMA,Ken Carson - Topic,1,1155,1155,477,477,False
JMYvlpqZ2Ww,yvngxchris - QuikkSkope (feat. DC The Don) [Official Video],yvngxchris,1,1095,1095,476,476,False
JWgUulm1cL4,Summrs-2 INFLUENCED / U DANGEROUS [Official Video],summrs,1,1112,1112,477,477,False
JXRN_LkCa_o,"Chris Brown - Loyal (Official Video) ft. Lil Wayne, Tyga",ChrisBrownVEVO,1,1139,1139,477,477,False
JXULdmwC5Us,4am freestyle,WisdomBeatz - Topic,1,80,80,1,1,False
Ji3HV8VT7Cs,"bonjr, .diedlonely - limerence",dreamscape,1,361,361,433,433,False
JiDuubzc5yI,Heading for the Door,duster - Topic,1,20,20,0,0,False
JiP7jKdAhD0,In A Sentimental Mood,Duke Ellington - Topic,1,542,542,440,440,False
JoJ-vDlgbhE,Glokk40Spaz - Brutal Honesty [Audio],Bxbza,1,838,838,457,457,False
Jx_O6PHdWww,Hey Ya!,OutKast - Topic,1,57,57,0,0,False
K-VoheJSUd8,for what,potsu - Topic,1,972,972,467,467,False
K7d3Np73nHw,salvia path - dream (doomer) 1 hour loop,روح,1,344,344,433,433,False
KCFHHtC9Dws,Less Likely,Trent Reznor - Topic,1,1820,1820,776,776,False
KLNPBGWtKg4,Saba - BROKEN GIRLS (Official Audio),Saba Pivot,1,499,499,437,437,False
KLb1IT3MCbA,"Nocturne No. 8 in D-Flat Major, Op. 27, No. 2",Peter Schmalfuss - Topic,1,982,982,467,467,False
KM01VEg9hsU,lucki - more than ever (slowed + reverb) 639hz,eternal!,1,5,5,0,0,False
KM5wyYc5qBA,jacal - streetlights (guitar playthrough),jacal,1,305,305,432,432,False
KMuJSI8WbaQ,"Chopin: Waltz in C sharp minor, Op. 64 No. 2",Ólafur Järvinen - Topic,1,746,746,454,454,False
KZrvnPOu5oU,lonnex - losing (slowed + reverb),dreamscape,1,451,451,436,436,False
KavaUJxnNVU,ss,Ken Carson - Topic,1,1042,1042,475,475,False
Kbj2Zss-5GY,A$AP Rocky - Praise The Lord (Da Shine) (Official Video) ft. Skepta,LIVELOVEASAPVEVO,1,1378,1378,482,482,False
KiHR_FJZxq8,analog_mannequin - milk cassette x.mp3 (slowed & reverb version 1),analog mannequin,1,445,445,436,436,False
Kj0PXA2gfM4,Furthest Thing,Drake - Topic,1,200,200,412,412,True
KnkDL9lkbX8,"Hold On, We're Going Home",Drake - Topic,1,1330,1330,482,482,False
Kz4hXntxfWs,tiredminds - retire (final) [slowed + reverb],tiredminds,1,363,363,433,433,False
L2y1wk5EB6U,Jaded,Drake - Topic,1,1600,1600,488,488,False
LDY_XyxBu8A,SZA - Snooze (Official Video),SZAVEVO,1,1146,1146,477,477,False
LG4Cf977rHc,Break,alex_g_offline - Topic,1,32,32,0,0,False
LL8qeSG8DA0,Spaz & Blues,Glokk40Spaz - Topic,1,1072,1072,475,475,False
LP6wKYLccKI,Headlines (Explicit),Drake - Topic,1,874,874,457,457,False
LWN0vQpwcKM,Fazers,King Geedorah - Topic,1,58,58,0,0,False
LmeuII-C1W4,Lost in the Mist,Pulsar - Topic,1,1783,1783,775,775,False
LnKOxbwFAVs,Lil Baby - Humble (Audio),LilBabyVEVO,1,1406,1406,483,483,False
LvfGkekPK2w,Step In the Name of Love,R. Kelly - Topic,1,1324,1324,482,482,False
Lzc4nzYZEHg,ATH (remix),Lexcorp,1,94,94,19,19,False
MBUMYO3B47Y,Exotic,Lil Baby - Topic,1,1203,1203,480,480,False
MHryuYVyHhk,"Lil Baby ""Freestyle"" Official Music Video",Lil Baby Official ,1,1373,1373,482,482,False
MK5fPnK4ae4,Sparks by Coldplay but it's 1:45am and it's been years....,"just a sad dude, really",1,446,446,436,436,False
MKYY0IlTMw4,Slowdive - When the Sun Hits (Audio),SlowdiveVEVO,1,356,356,433,433,False
MS7DDsnVnIY,Glokk40Spaz - Thug's In My House [Official Music Video],GL4 Spaz,1,1516,1516,486,486,False
MSl1LPCpsQo,Swamp,Glokk40Spaz - Topic,1,1283,1283,481,481,False
MVnSFj6XQZY,"Hereditary Soundtrack - ""Reborn"" - Colin Stetson",Milan Records USA,1,525,525,440,440,False
MXsj8H1BipI,men i trust - norton commander (all we need) (slowed + reverb),Jem,1,859,859,457,457,False
MZ7okaUoqHs,WHARF TALK,"Tyler, The Creator - Topic",1,41,41,0,0,False
MwQd828yKkM,Become the Warm Jets,Current Joys - Topic,1,23,23,0,0,False
MxEjnYdfLXU,I Wonder,Kanye West - Topic,1,36,36,0,0,False
NNDXQwVAez8,gigi masin x voicemail - call me [𝚜𝚕𝚘𝚠𝚎𝚍 + 𝚛𝚎𝚟𝚎𝚛𝚋 + 𝚒𝚗𝚜𝚝𝚛𝚞𝚖𝚎𝚗𝚝𝚊𝚕],eoqb,1,90,90,3,3,False
Np1miR2k0b4,Me Vs Me,Moneybagg Yo - Topic,1,1208,1208,480,480,False
Nqg9ounrKkg,3AM on Glenwood,21 Savage - Topic,1,1911,1911,856,856,False
NswMyMbEBrQ,Perfectionist,Russ - Topic,1,492,492,437,437,False
O4lu1QzzvYA,Playboi Carti - Long Time REMIX | DudekBeats,dudekbeats,1,3,3,0,0,False
O9js2VCD0TY,"please, just be real",lyrλmbient - Topic,1,1778,1778,775,775,False
ODZS9lFBazE,"Cello Sonata No. 2, H. 286: II. Largo",Johannes Moser - Topic,1,1645,1645,491,491,False
OGZiV1AxS0I,SLAVE - UNOTHEACTIVIST (OFFICIAL AUDIO),UnoTheActivist,1,502,502,437,437,False
OTE7a8JVBws,aphex twin - #3 (slowed + reverb),altered vibes,1,311,311,432,432,False
OYGl9rc2j5c,Glokk40Spaz - McLaren's & Blickies [Dir. @Jmoney1041],GL4 Spaz,1,1517,1517,486,486,False
OirisOt-7Gk,How Does It Feel?,Citizen - Topic,1,35,35,0,0,False
Ol0-9Ob-QNk,Infrunami,Steve Lacy - Topic,1,1232,1232,480,480,False
P5ZBISo2CaE,Black Beatles,Rae Sremmurd - Topic,1,1049,1049,475,475,False
PpdtfHXJ2LY,Choppa On Fye 2 (feat. LAZER DIM 700),Gelatoo - Topic,1,1157,1157,477,477,False
Pw5y13LU_M0,Lil Baby -  By Myself Feat Rod Wave & Rylo Rodriguez (Official Music Video),Lil Baby Official ,1,1564,1564,487,487,False
PwdK4bpTNic,Glokk40Spaz & Go.unna “Hypnotize” (prod. by Jthesensi) (Official Audio),EBG Records,1,1068,1068,475,475,False
Q--Wk-5sXDA,Tell Em,Cochise - Topic,1,76,76,1,1,False
Q6nu9-J-DH0,Jujutsu Kaisen: Gojo vs Toji (Riko in the Aquarium) Theme | EPIC 1 HOUR VERSION,Paul Drew Music,1,112,112,376,376,False
QKPxNQfrtzU,Work,Rihanna - Topic,1,867,867,457,457,False
QNBO7wIU3yI,Chove Chuva,Jorge Ben Jor - Topic,1,534,534,440,440,False
QRHYpTTrRTA,https://music.youtube.com/watch?v=QRHYpTTrRTA,,1,842,842,457,457,False
QfKBrsRBncI,On tha line [Official Music Video],Yeat,1,937,937,463,463,False
Qlgclz4p9X0,Baby Drill - Slight Dub (Official Video) feat. 21 Savage & Young Nudy,BabyDrill,1,1097,1097,476,476,False
QnQa24tRQUs,"nevermind, everything's ok",dreamcorp.,1,1842,1842,779,779,False
QuIQ23b6V_I,"Sing About Me, Im Dying of Thirst (Tyler the creator remix)",Bleach,1,108,108,376,376,False
RBaL7fo6vxU,alvedon - retire (final),dreamscape,1,448,448,436,436,False
RUmasKuqag0,Strawberry Guy - F Song,David Dean Burkhart,1,353,353,433,433,False
RkCDU8mNz_w,Gojo Satoru - The Honored One - 1 Hour 4K 60FPS | Season 2 OST,Yuyu,1,1758,1758,775,775,False
Rp_wT1dJYOo,Need Me,Julian Rincon - Topic,1,1265,1265,480,480,False
Rq_uSfvfrJw,Mac Miller - Congratulations feat. Bilal (No Intro),J,1,458,458,436,436,False
Rr1Cdli5nE8,Like That,Future - Topic,1,1045,1045,475,475,False
S2NCo3k_RdU,Sunday Scaries - Flawed Mangoes (slowed),Spongmud,1,306,306,432,432,False
S5xQmaUV7ZA,Lil Baby - Right On (Official Video),LilBabyVEVO,1,1217,1217,480,480,False
SLsTskih7_I,Post Malone - White Iverson,Post Malone,1,1141,1141,477,477,False
SR70AZXmyr8,Juna,Clairo - Topic,1,1258,1258,480,480,False
SXiSVQZLje8,Ariana Grande ft. Nicki Minaj - Side To Side (Official Video) ft. Nicki Minaj,ArianaGrandeVevo,1,1144,1144,477,477,False
S_ogJtUctgs,LUCKI - 4Ever Ever Freestyle (Official Video),LUCKI,1,1515,1515,486,486,False
SmSUpVC4sn4,Pardon Me,Lil Yachty - Topic,1,1205,1205,480,480,False
SmwmZfMooSo,Kodak Black - Skrilla [Official Music Video],Kodak Black,1,1392,1392,482,482,False
Sn3SUnL44w4,Headlines,Drake - Topic,1,1331,1331,482,482,False
SwgH7YXkWWk,j. cole ~ no role modelz ﾉ slowed + reverb ﾉ,rum world,1,164,164,395,395,False
T8nbNQpRwNo,"Drake, 21 Savage - Spin Bout U",DrakeVEVO,1,1372,1372,482,482,False
TGgcC5xg9YI,SEE YOU AGAIN featuring Kali Uchis,"Tyler, The Creator",1,774,774,455,455,False
THhjjnsgFlE,Interstellar Main Theme - Extended Version 🎶 Gargantua 🎼| GIF | 4K Wonder Music @HansZimmer,Wonder Music,1,526,526,440,440,False
T_5loXRM3mQ,Drake - Marvin's Room Outro (Piano Cover),Tomas Nolasco,1,1302,1302,481,481,False
Tf8K6uv5zRw,Waves - Rushes Frank Ocean,lovedchalamet,1,1905,1905,803,803,False
ToO4VFCoR7U,White Ferrari,Frank Ocean - Topic,1,1349,1349,482,482,False
U8x59JU8fgM,losing (Slowed + Reverb),Lonnex - Topic,1,1323,1323,481,481,False
UE_-obgiWm0,Kodak Black - No Flockin Freestyle (Prod. by VinnyxProd) [Official Music Video],Kodak Black,1,1374,1374,482,482,False
UJ0_vdAyEzI,All Bad $ Is Good,Glokk40Spaz - Topic,1,1428,1428,483,483,False
UNZqm3dxd2w,Roddy Ricch - The Box [Official Music Video],Roddy Ricch,1,1218,1218,480,480,False
UUmnW_ZMcZM,Not A Believer,Glokk40Spaz - Topic,1,1055,1055,475,475,False
UVnsbRMJs84,~ on the level - mac demarco (s l o w e d + reverb) ~,_.juicebox._,1,442,442,436,436,False
UWOGg5nXiaI,Where we're going - Hans Zimmer - Interstellar - (Slowed+Reverb),Solipsism,1,476,476,437,437,False
U_hDiuyvK5g,dimensions (slowed & reverb with rain),softsync - Topic,1,1834,1834,776,776,False
Ud9UxjqdqhA,Purpose Is Glorious,Natalie Holt - Topic,1,1268,1268,480,480,False
UeSDvg5xsWI,Flawed Mangoes - Dramamine (Visualizer),Flawed Mangoes,1,229,229,420,420,False
Uevx0-MgkSI,Brent Faiyaz - REHAB (WINTER IN PARIS) [Official Video],Brent Faiyaz,1,811,811,456,456,False
UgkvcWx8oXw,Day One,Hans Zimmer - Topic,1,993,993,468,468,False
Uj-uJdUM7Gw,not allowed tv girl (slowed instrumental),3xclusive0x,1,360,360,433,433,False
V0is-RpQHAg,"L'amore dice ciao Slow Take (From ""La Matriarca - The Libertine"")",Armando Trovajoli - Topic,1,528,528,440,440,False
VF-FGf_ZZiI,Steve Lacy - Bad Habit (Official Video),SteveLacyVEVO,1,775,775,455,455,False
VF-VjxEB81U,L'amore dice ciao (Slow Take),Armando Trovajoli - Topic,1,203,203,412,412,True
VGdWhqGIdh8,Borderline,Brad Sucks - Topic,1,54,54,0,0,False
VHAc1KU6yLg,Thug Life,Glokk40Spaz - Topic,1,1058,1058,475,475,False
VMxmWWUxx48,Oppenheimer - Trinity [1 Hour] (Piano Part Only Looped),Anzen Beats,1,256,256,420,420,False
VSuc3DRD13s,HIKARI - CLOVIS REYES & VDYCD - (ULTRA SLOWED + REVERB) - [PERFECTLY SLOWED],gabimaru,1,970,970,467,467,False
VbVYDzZMFIY,you don’t exist - super slowed,this voice in my head - Topic,1,1706,1706,694,694,False
VnpZfVZss8E,Space Boy (feat. Lucki),Manny Laurenko - Topic,1,4,4,0,0,False
VzAjXdBJsEc,Come Back to Earth,Mac Miller - Topic,1,1340,1340,482,482,False
W2X0Gf9jfz8,Thunder Road,Bruce Springsteen - Topic,1,88,88,3,3,False
W9p-yVwF71o,Space,Andrew Prahlow - Topic,1,143,143,392,392,False
WB7LS3p7Tb4,Show Me,Joey Bada$$ - Topic,1,1350,1350,482,482,False
WFLGrpGemLg,Get You (feat. Kali Uchis),Daniel Caesar - Topic,1,98,98,25,25,False
WHfJfL_pwOc,"you look lonely, i can fix that...",dreamscape,1,444,444,436,436,False
WJdqqVLdS8g,resonance - home [ultra slowed + reverb],spedupsl0w3d ☆,1,371,371,433,433,False
WJitbK6CSTM,Ludwig Göransson - Can you Hear The Music (slowed),Mysteriousness,1,1395,1395,483,483,False
WLNp0g2GBxQ,Coming Home,Diddy - Dirty Money - Topic,1,51,51,0,0,False
WNR_xrXJpWo,hisohkah - school rooftop,1171dominoV2,1,416,416,436,436,False
WO28_jXYao0,Ye - LIKE THAT REMIX,Kanye West,1,1046,1046,475,475,False
WQUxHlVnusw,Fighting My Demons,Ken Carson - Topic,1,1044,1044,475,475,False
WXbrgqQU0Rg,Reflections,Willix - Topic,1,1442,1442,483,483,False
WYT4gMDHYZw,Walkin,Denzel Curry - Topic,1,37,37,0,0,False
Walj9dAapYo,https://music.youtube.com/watch?v=Walj9dAapYo,,1,11,11,0,0,False
WeH6xd8acX0,Get Lucki,Veeze - Topic,1,1159,1159,477,477,False
WhvdYjmMCo8,flawed mangoes - swimming (slowed&reverb),ame 雨の中,1,434,434,436,436,False
WiYb-Ul6VRs,Arcade Fire - dimensions (Slowed) Her,isle of stars,1,432,432,436,436,False
WySekulZAoY,Do Ya Like Vs Resonance (Mashup),Splice Records - Topic,1,68,68,0,0,False
WyhU6Zb_fhY,Lil Baby - California Breeze (Official Video),LilBabyVEVO,1,1211,1211,480,480,False
XDpoBc8t6gE,kudasaibeats - the girl i haven't met,Ikigai,1,96,96,19,19,False
XIvLHjAm7N0,Vacations - On Your Own,VACATIONS,1,395,395,434,434,False
Xj6oW3dF9Gc,Alex G - Break,Keyan28,1,1796,1796,775,775,False
Y4XZHqJjxF8,Yume 2kki OST - Midnight Manor (Extended),Borby,1,373,373,433,433,False
Y6YdKJ7muOs,https://music.youtube.com/watch?v=Y6YdKJ7muOs,,1,1108,1108,476,476,False
YIxh0Kq33CU,"""Our time...has pretty much passed."" x Ethereal (Txmy)",badsun,1,509,509,438,438,False
Ye_5RXl6n40,drifting,Blut Own - Topic,1,923,923,462,462,False
YifOMt9dlGk,Eventually,Tame Impala - Topic,1,210,210,412,412,True
Yjbepc8pECI,The Beginning,Flawed Mangoes - Topic,1,1275,1275,481,481,False
Yxn9x3f8Rhs,Minari - Jacob and the Stone Extended,Soulful Music,1,330,330,432,432,False
Yy0uIfuN_Q0,Back 2 Da Basics,Summrs - Topic,1,1161,1161,477,477,False
Z9FcKSy7l4c,Backdoor,Glokk40Spaz - Topic,1,1054,1054,475,475,False
Z9iThNdZpKY,Cry - Cigarettes after sex (slowed + rain),Syukouso,1,322,322,432,432,False
ZPItV_q1u38,"SYML - ""I Wanted to Leave"" [Official Music Video]",SYML,1,909,909,461,461,False
ZSLXxLr4aN8,2 Sides To Every Story,Lil Tony Official - Topic,1,1557,1557,487,487,True
ZX_mvoY_Hg0,Drake - Not You Too (Audio) ft. Chris Brown,DrakeVEVO,1,772,772,455,455,False
Z_thWSJP-y0,Jesus is my strength Jesus is my shelter and refuge (Simpsonwave 1995 ),God is with me,1,1619,1619,488,488,False
_2n_ajSh_uo,Jx.Zero - Playboy (Official Music Video),Jx Zero,1,642,642,449,449,False
_4PLWv5RhU0,Oso Wit A Stikk,Glokk40Spaz - Topic,1,1070,1070,475,475,False
_7breslx57I,øneheart x reidenshi - snowfall | Slowed Down,Stretched Harmonics,1,319,319,432,432,False
_9bw_VtMUGA,"Tame Impala - New Person, Same Old Mistakes (Audio)",tameimpalaVEVO,1,777,777,455,455,False
_ANWTKznExU,The Sound of Myself,Disasterpeace - Topic,1,481,481,437,437,False
_AWIqXzvX-U,Aphex Twin - Rhubarb,Birdman🐦808,1,882,882,461,461,False
_CtaTTDaDeY,"Lonely Lies, GOLDKID$ - Interlinked (Ultra Slowed Audio)",GOLDKID$,1,307,307,432,432,False
_GWKkqNoyEA,Counting Stars,OneRepublic - Topic,1,72,72,0,0,False
_Jh54sLPCmg,Moon Undah Water,Puma Blue - Topic,1,18,18,0,0,False
_MVdDU75YK4,Mirror Temple (Mirror Magic Mix),Release - Topic,1,430,430,436,436,False
_VDGysJGNoI,Lil Baby - The Bigger Picture (Official Music Video),Lil Baby Official ,1,1236,1236,480,480,False
_ZRJrAHprBM,I Fall In Love Too Easily,Chet Baker - Topic,1,538,538,440,440,False
_i1wNr2gEVo,travis scott ~ astrothunder ﾉ slowed + reverb ﾉ,rum world,1,159,159,395,395,False
_r-nPqWGG6c,Don Toliver - No Idea [Official Music Video],Don Toliver,1,1387,1387,482,482,False
_ruxnfq7FC8,when a guitar riff hits you so hard that you start to tear up (full version),jacal,1,1795,1795,775,775,False
_sDatYPjnFQ,Losing You,boy pablo - Topic,1,1187,1187,479,479,False
_th4DLbatDM,C418 - Subwoofer Lullaby (slowed + reverb),Price,1,323,323,432,432,False
_uhaU5ca0Bs,Leave,Whirr - Topic,1,19,19,0,0,False
a6ndyG7A4Pg,it will find its way,flow3rkap - Topic,1,1781,1781,775,775,False
aEtqFWKKbbM,X (feat. Future),21 Savage - Topic,1,1202,1202,480,480,False
aGxOqRNvDok,I Choose Violence,Glokk40Spaz - Topic,1,1074,1074,475,475,False
aKkXEaoSFlw,frank ocean ~ nights ﾉ slowed + reverb ﾉ,rum world,1,857,857,457,457,False
aLv2IWvPl7I,MY WAY / CODEINE COWBOY,LUCKI - Topic,1,1160,1160,477,477,False
aNM1AyztRrQ,piedkies - morning mist,dreamscape,1,309,309,432,432,False
aXm_pHSh_O0,"Theo Von   only thing i won, was being alone",Stivion,1,87,87,3,3,False
acg9ukzBwqg,i was all over her,Release - Topic,1,17,17,0,0,False
aqMMQcMN5pQ,elon musk,WisdomBeatz - Topic,1,12,12,0,0,False
b-ZXlg1KXwE,"nevermind, everything's ok (slowed + reverb)",drown in fog,1,302,302,432,432,False
b0q5PR1xpA0,LEMMiNO - Cipher (BGM),LEMMiNO Music,1,95,95,19,19,False
b2AcxL88DoI,The Game - 100 ft. Drake (Official Music Video),TheGameVEVO,1,493,493,437,437,False
b2BrsALw0jA,ISAIAH RASHAD - HAPPY HOUR (OFFICIAL AUDIO),isaiah rashad,1,1916,1916,858,858,False
b4fCymLkgOQ,Didn't Cha Know,Erykah Badu - Topic,1,1327,1327,482,482,False
bHDWrnlIqfQ,Yeat - Poppin (Official Music Video),Lyrical Lemonade,1,500,500,437,437,False
bUMS8Ut9ybA,Zelda: Ocarina of Time Piano Medley (Extended) Nostalgia Edition,Erik C 'Piano Man',1,394,394,434,434,False
blcSLo3yecs,Lil Tecca - Ransom (slowed+reverb),KAYX,1,162,162,395,395,False
bvh09LxXpAQ,Godspeed,Frank Ocean - Topic,1,1345,1345,482,482,False
cE2fuGmVv1Q,Moonlight Serenade,Beegie Adair - Topic,1,543,543,440,440,False
cFaiszxHRsM,CALLIGRAPHY,Saba - Topic,1,488,488,437,437,True
cX24KlL8klY,bando (prod.ta2cute x yugen),ta2cute,1,643,643,449,449,False
cYKAr38pZcY,Photosynthesis,Saba - Topic,1,1183,1183,479,479,False
cZlJ6hdwxjI,Haunt Muskie but it’s slower and nostalgic,Wave Aqualei,1,1821,1821,776,776,False
ctMPpJYkj4Q,Definition,Glokk40Spaz - Topic,1,1079,1079,475,475,False
cuSvWlj2VHQ,OUTRO,LUCKI - Topic,1,462,462,437,437,False
cvDvLP0EDy4,"Thorfinn ""Im empty"" x medasin - magic (slowed + reverb)",Diamond lion Pitcher,1,374,374,433,433,False
d19-El5w8gg,milk cassette x.mp3,analog_mannequin - Topic,1,1708,1708,694,694,False
d7cVLE4SaN0,Bryson Tiller - Don't (Explicit Version),BrysonTillerVEVO,1,1383,1383,482,482,False
dHaM8eB32NE,Playboi Carti - Heaven (Prod. Adrian),W4rpstr,1,1158,1158,477,477,False
dIt_eQCdYvM,yves tumor - limerence (instrumental + slowed),mvym,1,367,367,433,433,False
dPlxa-ttkzQ,"J.S. Bach: Violin Concerto No. 2 in E Major, BWV 1042: II. Adagio",Release - Topic,1,1644,1644,491,491,False
dZEJBjsvOys,02  In Motion - The Social Network - OST Soundtrack,TheOSTCity,1,1840,1840,779,779,False
dnxKnE6EV3M,https://music.youtube.com/watch?v=dnxKnE6EV3M,,1,1300,1300,481,481,False
e-BkS3d95ns,Day 'n' Nite,Kid Cudi - Topic,1,50,50,0,0,False
eF0Nsnk6wis,Congratulations (feat. Bilal),Mac Miller - Topic,1,1303,1303,481,481,False
eImirstTOyE,Uber Everywhere,MadeinTYO - Topic,1,105,105,376,376,False
eMztEjtPm4o,One More Love Song,Mac DeMarco - Topic,1,988,988,468,468,False
eVqFnuaW4JQ,Alien Observer,Grouper - Topic,1,1441,1441,483,483,False
eYKokFJ--Jo,Fancy Outro - Drake (Perfect),LiavAlon,1,1727,1727,761,761,False
ezAn-HMakEs,Para Machuchar Meu Coracao,Stan Getz - Topic,1,527,527,440,440,True
fAg9iVOM85Q,Kankan - Nun To Me (Official Video),Kankan,1,805,805,456,456,False
fEP-i0iFi4I,Pretend - Alex G (Tradução),luana ,1,742,742,454,454,False
fI8eIOCerZw,Ebb Tide,Ben Flocks - Topic,1,533,533,440,440,False
fJ_EFJV-63o,Brian Nichols,Glokk40Spaz - Topic,1,1077,1077,475,475,False
fLg1MlHcQqU,thenian - you left me on suicide sunday,dreamscape,1,438,438,436,436,False
fOP7yhdmF3k,Yves Tumor - Limerence (Instrumental +432hz),棒Boti棒,1,1843,1843,779,779,False
fRh_vgS2dFE,Justin Bieber - Sorry (PURPOSE : The Movement),JustinBieberVEVO,1,1143,1143,477,477,False
faHqvs-D02c,Drake - National Treasures ft. Pressa (Official Audio),I Am Hip-Hop,1,1907,1907,803,803,False
flM8-rR0_O8,Too Fast,Sonder - Topic,1,1333,1333,482,482,False
ft8dLpTIfnQ,Glokk40Spaz - Mentally Gone [Prod by Taelyve],Trap Daily,1,1064,1064,475,475,False
fyaI4-5849w,"DJ Khaled - Wild Thoughts (Official Video) ft. Rihanna, Bryson Tiller",DJKhaledVEVO,1,1134,1134,477,477,False
g0v7Ow6Epog,King Von - Crazy Story (Official Music Video),King Von,1,1391,1391,482,482,False
g2P_OupxkB8,Águas de Março,Antonio Carlos Jobim - Topic,1,536,536,440,440,False
g9KoLtojByY,Lil Baby - Go Hard,LilBabyVEVO,1,1411,1411,483,483,False
gJ9SvXXgnE0,I Still Can't Sleep / The Cannot Touch Her (Betsy's Theme),Bernard Herrmann - Topic,1,539,539,440,440,False
gR3nlpwRTRA,øneheart x reidenshi - snowfall (slowed),dreamscape,1,443,443,436,436,False
gSeBZqcTHLc,Lil Baby - Stand On It (Official Video),LilBabyVEVO,1,1492,1492,486,486,False
gUI_fNERR6s,Pale,Modern Color - Topic,1,22,22,0,0,False
g_T5VDyFvjU,Whiplash Fletcher's Song In Club extended ( One hour),Jhoel Castillo,1,1908,1908,803,803,False
gm8vfUA81fk,Do Not Enter,Glare - Topic,1,28,28,0,0,False
gr3ymYCtohI,They Don't Know,Release - Topic,1,1329,1329,482,482,False
h5wXvBJMLaQ,Anakin's Suite but it's even more depressing,Jsco Music,1,478,478,437,437,False
h9k137ORL1U,"Nocturne in C-Sharp Minor, Op. 27, No. 1: Nocturne No. 7",Peter Schmalfuss - Topic,1,747,747,454,454,False
hC8CH0Z3L54,FKJ & Masego - Tadow,Fkj,1,97,97,19,19,False
i4_oVobD3Pg,I Wanted to Leave,SYML - Topic,1,990,990,468,468,False
i4yRbeiu6M0,Falling Through the Hourglass,Sid Acharya - Topic,1,991,991,468,468,False
i6vUrmHZhtA,2. Nebrugg - Ignorante Feat. M’Dep (Official Visualizer) Prod. Pury,Nebrugg ,1,1102,1102,476,476,False
i77S8l-7-3Y,tilekid - you not the same,dreamscape,1,1322,1322,481,481,False
iB3utBtljMw,Mindset Blind,Gelion Lotres - Topic,1,74,74,1,1,False
iM8W7912bHE,Hikari (Super Slowed),Clovis Reyes - Topic,1,969,969,467,467,False
iNmNoIsBZG0,Lil Baby - Double Down (Lyric Video),LilBabyVEVO,1,1413,1413,483,483,False
iTCL8NJRkk4,how to never stop being sad - instrumental,jilly,1,375,375,433,433,False
iTzUILAnTBE,Magic - medasin (slowed + reverb),𝓐𝓴𝓪,1,1314,1314,481,481,False
i_i9Qp5g3SY,CROWN,ZombiiBoii - Topic,1,1,1,0,0,False
ibUOxEBxVsE,Subwoofer Lullaby,Daniel Rosenfeld - Topic,1,1709,1709,694,694,False
ieTnO1Dvt-I,Lil Baby - On Me,LilBabyVEVO,1,1386,1386,482,482,False
inQgO0a6rGE,Fission | Oppenheimer OST,Original Soundtrack,1,475,475,437,437,False
itOx7sveAOY,A Place in the Clouds,Wild Wonder - Topic,1,1860,1860,781,781,False
iz8CFSNmfss,being loved isn't the same as being understood,Vines - Topic,1,244,244,420,420,False
iznw-YkikLo,Blue In Green,Lee Davis - Topic,1,545,545,440,440,False
j91RZ01PZwA,You Get What You Give,Release - Topic,1,1271,1271,480,480,False
jJcd806j7sM,TABOO | TA13OO,Denzel Curry - Topic,1,59,59,0,0,False
jNrJT6lL9J4,https://music.youtube.com/watch?v=jNrJT6lL9J4,,1,520,520,440,440,False
jQLJKlp58Bc,Im Inna Band,Glokk40Spaz - Topic,1,1053,1053,475,475,False
jTTIEVQMYrg,Minecraft Nostalgia (Relaxing music) - Music,geo,1,778,778,455,455,False
jcYvDZKLQJ0,Me and the Birds,duster - Topic,1,209,209,412,412,True
jmEyZ_94NBw,intro by c418 except it's kind of sad and very nostalgic,AquaSkye,1,301,301,432,432,False
k-lHD13QhBE,Home Alone,Glokk40Spaz - Topic,1,1075,1075,475,475,False
k23NrYEbsmw,Levels,Glokk40Spaz - Topic,1,1071,1071,475,475,False
k4zh8RwhjZ0,"The Beast (From ""Sicario"")",Jóhann Jóhannsson - Topic,1,910,910,461,461,False
kA0UM2rgSbQ,summrs- swing ya pole (official music video),summrs,1,1422,1422,483,483,False
kDJhBSmji6Y,Lil Tecca - Amigo (Official Audio),Lil Tecca,1,644,644,449,449,False
kiB9qk4gnt4,Kodak Black - Super Gremlin [Official Music Video],Kodak Black,1,1214,1214,480,480,False
klZNvJArVSE,Benny The Butcher & J. Cole - Johnny P's Caddy (Official Video),Benny the Butcher,1,1583,1583,488,488,False
ksW72-TWZQ0,Glokk40Spaz - Decoy (Official Music Video) [Dir. @PublicGoatt],GL4 Spaz,1,1518,1518,486,486,False
kstlaTn9UWw,Baby Shea,Ovlov - Topic,1,201,201,412,412,True
ktfu22QX474,Head in the Ceiling Fan,Title Fight - Topic,1,14,14,0,0,False
ky2eToQg3bQ,Romantic,ADTurnUp - Topic,1,81,81,1,1,False
l-rjYVI3OMo,What Once Was,Her's - Topic,1,16,16,0,0,False
lEfp82abauA,PASTEL GHOST - DARK BEACH (slowed),Alex practice,1,329,329,432,432,False
lVlSVRGk3Wc,𝙎𝙖𝙡𝙫𝙞𝙖 𝙋𝙖𝙡𝙩𝙝 - 𝘿𝙧𝙚𝙖𝙢 | 1 𝙝𝙤𝙪𝙧 𝙡𝙤𝙤𝙥,R e m a u r,1,613,613,447,447,False
lazDVmD66qE,Glokk40Spaz - Dead Dreamz [Prod by Taelyve],Trap Daily,1,1067,1067,475,475,False
leQuveQJ6wQ,snowfield,hozuki - Topic,1,1707,1707,694,694,False
lfdiha7QFSo,Idea 22 (Slowed + Reverb),Gibran Alcocer - Topic,1,1858,1858,781,781,False
mUZrMNhM7fE,Fancy,Drake - Topic,1,871,871,457,457,False
maWHojZTnTg,Aria Math,Daniel Rosenfeld - Topic,1,1859,1859,781,781,False
mcrf0-fIZhY,https://music.youtube.com/watch?v=mcrf0-fIZhY,,1,109,109,376,376,False
mkXACLmtUo0,Flawed Mangoes - Missing Pieces (Visualizer),Flawed Mangoes,1,345,345,433,433,False
mnN8r63DN9k,Can You Hear The Music? - Oppenheimer (s l o w e d + r e v e r b),Joris Cin'echo,1,506,506,438,438,False
muRorJIeNOI,Dope Hole,Glokk40Spaz - Topic,1,1059,1059,475,475,False
mv5SZ7i6QLI,a classical mix for a king before battle,𝐑𝐞𝐬𝐨𝐧𝐚𝐧𝐜𝐞 𝐑𝐞𝐯𝐞𝐫𝐢𝐞,1,1621,1621,488,488,False
mxCQDHAuwGw,Pretend - Alex G แปลไทย,WGKTBHG,1,1792,1792,775,775,False
n02bFu73ez8,daniel.mp3 - green to blue,Somber Sounds,1,355,355,433,433,False
n6BMdhAaTBg,That was the moment i truly lost ( shuiar ),Muller,1,1761,1761,775,775,False
n7YSG0AV5iI,Just chill bro...,darkbutgoodambient,1,316,316,432,432,False
nIBzn43vDPI,"Andante Con Moto - Piano and Strings - ""Vaulter""",Nicholas Britell - Topic,1,676,676,452,452,False
nT-fiRVOSCo,2sdxrt3all - Stay Down (Official Video) [Dir. @PublicGoatt],2sdxrt3all ,1,1106,1106,476,476,False
nTDvnuqSNXI,aphex twin - stone in focus (slowed + reverb),vermont,1,325,325,432,432,False
nUEqPtVGIpE,Lil Baby - Woah (Official Music Video),LilBabyVEVO,1,1377,1377,482,482,False
nWATUS112MM,Glokk40Spaz - I Choose Violence [Dir. ITM],GL4 Spaz,1,939,939,463,463,False
nZo1pPyNExo,ASTROTHUNDER,Travis Scott - Topic,1,1201,1201,480,480,False
nn9u6y1cMug,BE RIGHT BACK,Glokk40Spaz - Topic,1,1069,1069,475,475,False
ntLP7H2AXd0,Bahamas Promises,Drake - Topic,1,873,873,457,457,False
o-Tvw6PniEU,Dedicada a ela,Arthur Verocai - Topic,1,541,541,440,440,False
o030gnrObzo,Samba Cantina,Release - Topic,1,535,535,440,440,False
o0tqEQ331go,I Know You,Faye Webster - Topic,1,1256,1256,480,480,False
oBrbejOHjLw,Gunna - back in the a [Official Video],Gunna,1,1216,1216,480,480,False
oIC1-gwNpv4,Farewell,Daniel Rosenfeld - Topic,1,851,851,457,457,False
oIdWMXOF7io,Bell Jar,SOLOS - Topic,1,207,207,412,412,True
oQaXp16OC0c,Current,inola - Topic,1,1818,1818,776,776,False
oRcbi8E1pdI,Glokk40Spaz - Uncle Phil,GL4 Spaz,1,829,829,456,456,False
oUw49icEgYU,bill withers - lovely day (slowed),Hound Dog,1,1625,1625,490,490,False
ocLqPPp5jl0,https://music.youtube.com/watch?v=ocLqPPp5jl0,,1,82,82,1,1,False
oetfu7omm28,Watch This (ARIZONATEARS Pluggnb Remix),Lil Uzi Vert - Topic,1,77,77,1,1,False
oqHONL-LZ58,Desafinado,Stan Getz - Topic,1,531,531,440,440,False
p5bQFj6z5fo,Wallows - It's Only Right (Official Audio),Wallows,1,399,399,434,434,False
pTzyGMacu5k,vowl. - taiyla,dreamscape,1,440,440,436,436,False
pWI0Hi8q1II,Easy Lovers (Remastered),Piero Piccioni - Topic,1,529,529,440,440,False
p_oL2OIGo04,Seigfried,Frank Ocean - Topic,1,1312,1312,481,481,False
pc-1owJbYU8,Pushing My Max,Glokk40Spaz - Topic,1,1109,1109,476,476,False
pfEZW-1eDl8,Airplanes (feat. Hayley Williams of Paramore),B.O.B - Topic,1,62,62,0,0,False
pviZE1pK5ao,Drake - Paris Morton Music,Drake,1,459,459,436,436,False
pwX0om5O7aU,Goose Creek,Jace! - Topic,1,1154,1154,477,477,False
q6pK6L5oY7Q,Drew A Picasso,Drake - Topic,1,1910,1910,856,856,True
q7HU5yENvBU,quiescent,Baton - Topic,1,1777,1777,775,775,False
qUfyX83py2E,Spin Bout U,Drake - Topic,1,1357,1357,482,482,False
q_00JvvTuEU,Don't Wanna Fall In Love,KYLE - Topic,1,70,70,0,0,False
qlYoC2LRAVM,Etude n°16,Vanessa Wagner - Topic,1,1641,1641,491,491,False
quLbOMIIwAg,Romance for Cello and Piano (1890),Pavel Gomziakov - Topic,1,1642,1642,491,491,False
qw4eLkj1Fzs,Not Alone,Ólafur Arnalds - Topic,1,241,241,420,420,False
qxwNMy_gYng,Ease,Whirr - Topic,1,13,13,0,0,False
r-P1pcayiZk,Youngest Daughter,Superheaven - Topic,1,24,24,0,0,False
r1J_lxbaQxQ,Je te veux,Klara Kormendi - Topic,1,744,744,454,454,False
r7w14ZYz2H0,Satie: Je te veux,Dalton Baldwin - Topic,1,743,743,454,454,False
rCSMJ_n07Ds,hot slow,berlioz - Topic,1,973,973,467,467,False
rNB5eIiIsUc,Hoe Cakes,MF Doom - Topic,1,39,39,0,0,False
rb5Q2ejcxE4,Wayward Sisters,Release - Topic,1,911,911,461,461,False
reULBFzDRi8,Take Me There,Trip Lee - Topic,1,69,69,0,0,False
ri3SX1ZDdsM,OTL Beezy - HIBACHI prod. F1LTHY (Official Video),OTL Beezy,1,1091,1091,476,476,False
rn4mVQswfNg,Self Care,Mac Miller - Topic,1,860,860,457,457,False
s-oH-edxk-0,Tay-K - Everywhere I Go,Tay-K,1,106,106,376,376,False
sB90i8fc3nw,Current Joys - Fear,Stumble on Tapes,1,359,359,433,433,False
sCGLGqjuIkU,Little Life,Cordelia - Topic,1,1010,1010,474,474,False
sMN0ibWJUWM,Vansire - Halcyon Age ( s l o w e d + r e v e r b),yeuric ,1,30,30,0,0,False
sk3rpYkiHe8,Devil In A New Dress,Kanye West - Topic,1,1022,1022,474,474,False
sk9XK3eMR6Y,in my restless dreams,666ep ♪,1,349,349,433,433,False
t0q6jx9ZV2Q,time,hozuki - Topic,1,1440,1440,483,483,False
t8WUGU5-a68,julie doiron - august 10 (slowed&reverb),ame 雨の中,1,372,372,433,433,False
t9bf1XTLOXw,Pure Stillness,Quiet Music Academy - Topic,1,957,957,467,467,False
tGTKY1dpo_E,Young Thug - Oh U Went (feat. Drake) [Official Video],Young Thug,1,1379,1379,482,482,False
tUMc_-Bcunk,Richter: On the Nature of Daylight,Konzerthaus Kammerorchester Berlin - Topic,1,1397,1397,483,483,False
tgNOACjoi8Q,https://music.youtube.com/watch?v=tgNOACjoi8Q,,1,1131,1131,477,477,False
tkPoOvVnbRk,Long Time (Intro),Playboi Carti - Topic,1,86,86,1,1,False
tlp8iY4g--4,Chega De Saudade,Antonio Carlos Jobim - Topic,1,540,540,440,440,False
tnVAEAo7nvA,Les,Childish Gambino - Topic,1,52,52,0,0,False
tqiw_yIlSF0,Palace (Slowed + Reverb),ADTurnUp - Topic,1,9,9,0,0,False
tqp-gzerujg,does it ever get better?,Lonnex - Topic,1,1665,1665,493,493,False
u0LaoQks5mY,Migos - Need It (Official Video) ft. YoungBoy Never Broke Again,MigosVEVO,1,1215,1215,480,480,False
u8Ub6triQPE,peace,berlioz - Topic,1,1264,1264,480,480,False
uDsqD6vSA9Y,All You Need,Glokk40Spaz - Topic,1,1266,1266,480,480,True
uRrw8glMKn0,Nun 4 No Schmuck,Glokk40Spaz - Topic,1,1558,1558,487,487,False
uUnOL6T3FN0,The Social Network (2010) - Full Expanded soundtrack (Trent Reznor & Atticus Ross),DarthSoundtrack,1,700,700,453,453,False
uVsid59MkDs,Intro,J. Cole - Topic,1,104,104,376,376,False
uXSWJeXnPJA,"Rachmaninoff: Cello Sonata in G Minor, Op. 19: III. Andante",Gautier Capuçon - Topic,1,1643,1643,491,491,False
ueWWNDG13Ts,Just A Dream,Nelly - Topic,1,60,60,0,0,False
uwXqXxDtFYg,Definition,Release - Topic,1,1078,1078,475,475,False
uxpDa-c-4Mc,Drake - Hotline Bling,DrakeVEVO,1,1135,1135,477,477,False
v01q01LbWzI,The Pixies - Where Is My Mind (Retrowave Cover Long Version),The Motion,1,148,148,395,395,False
v2m9J8Z110I,Everything In Its Right Place (Instrumental),SAD - Topic,1,243,243,420,420,False
vNBNIce9XDM,One Night Only,Sonder - Topic,1,1233,1233,480,480,False
vWwIBemUwOI,https://music.youtube.com/watch?v=vWwIBemUwOI,,1,1226,1226,480,480,False
vdB3E5cRdTk,Telephones,Vacations - Topic,1,15,15,0,0,False
vjIG3UZza2k,"""I dont sleep well anymore"" Present",Toobles,1,328,328,432,432,False
vu1vQyjE1aA,Trust,Brent Faiyaz - Topic,1,1348,1348,482,482,False
w3bKYrs1TH4,LUCKI - Alternative Outro (Lyrics),𝐑֎𝐇,1,457,457,436,436,False
w4MSbajRs_Y,Emotionless,Drake - Topic,1,1760,1760,775,775,True
w7Wf0h1Q8a4,Gunna - HIM ALL ALONG [Official Video],Gunna,1,1380,1380,482,482,False
wGQDJNksrAM,C418 - Dead Voxel (Minecraft Volume Beta),NycrypticProject,1,1759,1759,775,775,False
wIgmyE5Juzw,Wallows - Are You Bored Yet? (feat. Clairo) [Official Video],Wallows,1,1260,1260,480,480,False
wOy2xm7KsD4,Location,Khalid - Topic,1,1346,1346,482,482,False
wT2OQwiC08Y,Hotel Ugly - Shut Up My Moms Calling (Slowed + Reverb),• Gandhiswag •,1,163,163,395,395,False
wcpNW8xuc8A,Great Are You Lord,Michael W. Smith - Topic,1,1170,1170,479,479,False
weeI1G46q0o,"DJ Khaled - I'm The One ft. Justin Bieber, Quavo, Chance the Rapper, Lil Wayne",DJKhaledVEVO,1,1147,1147,477,477,False
wkUVO6frGqE,Need 2,Pinegrove - Topic,1,27,27,0,0,False
wnaWXx2uFcg,vacations - telephones (slowed + reverb),silvergaze,1,435,435,436,436,False
ws7QInuGdCk,Glokk40Spaz - Thug Life [Dir.ITM] [Prod.Glokay],GL4 Spaz,1,839,839,457,457,False
x1xkCR_lztA,Playboi Carti - We So Proud of Him [prod. @6Silky & @BBasedTj],6Silky,1,819,819,456,456,False
x2PvGMWlSpg,LIGHT IT UP!,xrossover - Topic,1,61,61,0,0,False
x4JNfW3y0h0,FRANK OCEAN - PINK + WHITE  ( s l o w e d   +   r e v e r b ),GIULIANO,1,161,161,395,395,False
x6Nr6EX3AwY,"Drake - You Only Live Twice (Audio) ft. Lil Wayne, Rick Ross",DrakeVEVO,1,1915,1915,858,858,False
x6QJPJO2w40,Ivy,Frank Ocean - Topic,1,1222,1222,480,480,False
x858OLBHShM,Brent Faiyaz - Wish You Well (Full Version),TheRealDeals,1,1230,1230,480,480,False
xAz_DzPUjrM,Men I Trust - Numb,Men I Trust,1,1263,1263,480,480,False
xDmb610okx0,"21 Savage, Doja Cat - n.h.i.e. (Official Audio)",21SavageVEVO,1,646,646,449,449,False
xFEMrHaU2zo,Watch This (Lil Uzi Vert) (Chill Version),Silent DJ - Topic,1,10,10,0,0,False
xKmqwrQFlpA,Locket,Crumb - Topic,1,25,25,0,0,False
xPtcArdELVo,Success,Deeski - Topic,1,1912,1912,856,856,False
xfvxJSIP_y4,EBG Massacare,Glokk40Spaz - Topic,1,1060,1060,475,475,False
xmpTLfOmR0Y,Glokk40Spaz - Muzzle,GL4 Spaz,1,1416,1416,483,483,False
xqp4gNT410s,liminalyx - cold loneliness,dreamscape,1,310,310,432,432,False
xqq1_XvbpPE,losing (Slowed + Reverb),Lonnex - Topic,1,922,922,462,462,False
xsmWMgshyBw,The Show Goes On,Lupe Fiasco - Topic,1,49,49,0,0,False
xzecvLoNl2E,you not the same,Tilekid - Topic,1,926,926,462,462,False
y-f8pEX1Q1M,Infinite Amethyst,Lena Raine - Topic,1,192,192,412,412,False
yGeFeBKlVmQ,DON THADO & LIL DOUBLE 0 - Higher Than Ever (Need a G),Don Thado,1,1031,1031,474,474,False
yHRXlD2-khk,not that i’m anywhere - cities aviv (instrumental loop) [slowed],spedupsl0w3d ☆,1,351,351,433,433,False
yIMSQPvhTWE,duster - familiar fields (official video),duster,1,377,377,433,433,False
yMoiFhzhctY,Knees,Injury Reserve - Topic,1,56,56,0,0,False
y_bBWlJdog4,4:44,JAY-Z - Topic,1,44,44,0,0,False
yfdnTqn7yLs,I Say When We're Done,nikomanjiro - Topic,1,78,78,1,1,False
yhohHPdPczQ,MY EYES,Travis Scott - Topic,1,48,48,0,0,False
ymP9fUlF-Ok,gave you my all,juggler - Topic,1,34,34,0,0,False
yoKU-adT3kg,LUCKI - Free Mr. Banks (Official Video),LUCKI,1,1023,1023,474,474,False
z34enKCqRGk,Travelers,Andrew Prahlow - Topic,1,191,191,412,412,False
z7vZeHX3WcY,Kaleidoscope,Adrián Berenguer - Topic,1,674,674,452,452,False
z8zDPPA3CEQ,Ludwig Göransson - Groves (slowed + reverb),Pietro Aimar,1,1686,1686,694,694,False
zTn8bUE4-ts,Lil Baby & Lil Durk - How It Feels (Official Audio),Lil Baby Official ,1,1197,1197,480,480,False
zV6P77Y4D6k,AFTER HOURS,Avenoir - Topic,1,1224,1224,480,480,False
za1-xOP6ml8,aphrodite's help 🏛️ ❥,lâl ୨୧,1,370,370,433,433,False
zdfjCivNxGY,Beach Fossils - Down the Line (Official Video),BeachFossilsVEVO,1,398,398,434,434,False
zgOR698RMLY,Wallows - Scrawny (Official Music Video),Wallows,1,1261,1261,480,480,False
zql8G-4gE7w,"Nocturne in E Flat Major, Op. 9, No. 2",Frédéric Chopin - Topic,1,983,983,467,467,False
zs7PVTSZmic,G-lokk40 Spaz - “Kap Or Die” (prod.Khroam) (Official Audio),G-lokk40 Spaz,1,1066,1066,475,475,False
